{
  "timestamp": "2026-07-02T16:48:16Z",
  "symbols": {
    "EURUSDm": {
      "resolved": "EURUSDm",
      "bid": 1.14392,
      "ask": 1.144,
      "spread_points": 8.0,
      "H4": {
        "ema20": 1.14048,
        "ema50": 1.14021,
        "rsi": 63.86,
        "atr": 0.00252,
        "adx": 13.91,
        "trend": "bullish"
      },
      "H1": {
        "ema20": 1.14151,
        "ema50": 1.14077,
        "rsi": 73.12,
        "atr": 0.00176,
        "adx": 60.42,
        "trend": "bullish"
      },
      "M15": {
        "ema20": 1.14368,
        "ema50": 1.14174,
        "rsi": 48.8,
        "atr": 0.00088,
        "adx": 40.07,
        "trend": "neutral"
      },
      "M5": {
        "ema20": 1.14407,
        "ema50": 1.14395,
        "rsi": 33.64,
        "atr": 0.00034,
        "adx": 13.05,
        "trend": "neutral"
      }
    },
    "GBPUSDm": {
      "resolved": "GBPUSDm",
      "bid": 1.33542,
      "ask": 1.33552,
      "spread_points": 10.0,
      "H4": {
        "ema20": 1.32791,
        "ema50": 1.3242,
        "rsi": 74.92,
        "atr": 0.00351,
        "adx": 38.11,
        "trend": "bullish"
      },
      "H1": {
        "ema20": 1.33254,
        "ema50": 1.3288,
        "rsi": 66.86,
        "atr": 0.00259,
        "adx": 58.7,
        "trend": "bullish"
      },
      "M15": {
        "ema20": 1.33559,
        "ema50": 1.33342,
        "rsi": 45.48,
        "atr": 0.00112,
        "adx": 18.36,
        "trend": "neutral"
      },
      "M5": {
        "ema20": 1.33585,
        "ema50": 1.33574,
        "rsi": 20.83,
        "atr": 0.00045,
        "adx": 28.54,
        "trend": "neutral"
      }
    },
    "USDJPYm": {
      "resolved": "USDJPYm",
      "bid": 161.003,
      "ask": 161.013,
      "spread_points": 10.0,
      "H4": {
        "ema20": 161.95245,
        "ema50": 161.82587,
        "rsi": 25.64,
        "atr": 0.41693,
        "adx": 20.78,
        "trend": "neutral"
      },
      "H1": {
        "ema20": 161.58756,
        "ema50": 162.05531,
        "rsi": 24.56,
        "atr": 0.40021,
        "adx": 67.77,
        "trend": "bearish"
      },
      "M15": {
        "ema20": 161.05875,
        "ema50": 161.46828,
        "rsi": 44.6,
        "atr": 0.13043,
        "adx": 32.17,
        "trend": "bearish"
      },
      "M5": {
        "ema20": 160.98169,
        "ema50": 161.02846,
        "rsi": 75.12,
        "atr": 0.052,
        "adx": 10.62,
        "trend": "neutral"
      }
    },
    "USDCHFm": {
      "resolved": "USDCHFm",
      "bid": 0.80259,
      "ask": 0.80272,
      "spread_points": 13.0,
      "H4": {
        "ema20": 0.8075,
        "ema50": 0.80859,
        "rsi": 27.24,
        "atr": 0.00209,
        "adx": 19.16,
        "trend": "bearish"
      },
      "H1": {
        "ema20": 0.80561,
        "ema50": 0.80731,
        "rsi": 23.05,
        "atr": 0.00154,
        "adx": 63.54,
        "trend": "bearish"
      },
      "M15": {
        "ema20": 0.8031,
        "ema50": 0.80514,
        "rsi": 40.21,
        "atr": 0.00067,
        "adx": 46.22,
        "trend": "bearish"
      },
      "M5": {
        "ema20": 0.80247,
        "ema50": 0.80297,
        "rsi": 74.07,
        "atr": 0.00025,
        "adx": 2.22,
        "trend": "neutral"
      }
    },
    "USDCADm": {
      "resolved": "USDCADm",
      "bid": 1.4179,
      "ask": 1.41804,
      "spread_points": 14.0,
      "H4": {
        "ema20": 1.42045,
        "ema50": 1.41995,
        "rsi": 34.93,
        "atr": 0.00275,
        "adx": 2.83,
        "trend": "neutral"
      },
      "H1": {
        "ema20": 1.41966,
        "ema50": 1.42056,
        "rsi": 33.92,
        "atr": 0.0017,
        "adx": 43.71,
        "trend": "bearish"
      },
      "M15": {
        "ema20": 1.41834,
        "ema50": 1.41947,
        "rsi": 53.58,
        "atr": 0.00087,
        "adx": 36.38,
        "trend": "neutral"
      },
      "M5": {
        "ema20": 1.41819,
        "ema50": 1.41819,
        "rsi": 49.54,
        "atr": 0.00032,
        "adx": 1.3,
        "trend": "neutral"
      }
    },
    "AUDUSDm": {
      "resolved": "AUDUSDm",
      "bid": 0.69251,
      "ask": 0.6926,
      "spread_points": 9.0,
      "H4": {
        "ema20": 0.69013,
        "ema50": 0.69181,
        "rsi": 62.94,
        "atr": 0.00215,
        "adx": 11.53,
        "trend": "neutral"
      },
      "H1": {
        "ema20": 0.69091,
        "ema50": 0.69029,
        "rsi": 63.5,
        "atr": 0.00151,
        "adx": 26.23,
        "trend": "bullish"
      },
      "M15": {
        "ema20": 0.69238,
        "ema50": 0.69105,
        "rsi": 50.41,
        "atr": 0.00082,
        "adx": 39.02,
        "trend": "bullish"
      },
      "M5": {
        "ema20": 0.69271,
        "ema50": 0.69251,
        "rsi": 25.1,
        "atr": 0.0003,
        "adx": 13.09,
        "trend": "neutral"
      }
    },
    "NZDUSDm": {
      "resolved": "NZDUSDm",
      "bid": 0.56998,
      "ask": 0.57012,
      "spread_points": 14.0,
      "H4": {
        "ema20": 0.56738,
        "ema50": 0.56746,
        "rsi": 70.06,
        "atr": 0.00179,
        "adx": 19.24,
        "trend": "neutral"
      },
      "H1": {
        "ema20": 0.56873,
        "ema50": 0.56783,
        "rsi": 62.28,
        "atr": 0.00133,
        "adx": 31.13,
        "trend": "bullish"
      },
      "M15": {
        "ema20": 0.56987,
        "ema50": 0.56892,
        "rsi": 52.63,
        "atr": 0.0006,
        "adx": 37.42,
        "trend": "bullish"
      },
      "M5": {
        "ema20": 0.57016,
        "ema50": 0.56995,
        "rsi": 22.54,
        "atr": 0.00022,
        "adx": 0.72,
        "trend": "neutral"
      }
    },
    "XAUUSDm": {
      "resolved": "XAUUSDm",
      "bid": 4116.031,
      "ask": 4116.271,
      "spread_points": 240.0,
      "H4": {
        "ema20": 4054.9708,
        "ema50": 4070.58119,
        "rsi": 62.65,
        "atr": 42.80257,
        "adx": 3.92,
        "trend": "neutral"
      },
      "H1": {
        "ema20": 4083.35257,
        "ema50": 4049.09721,
        "rsi": 68.42,
        "atr": 22.52486,
        "adx": 35.36,
        "trend": "bullish"
      },
      "M15": {
        "ema20": 4112.94948,
        "ema50": 4090.45974,
        "rsi": 51.67,
        "atr": 13.05407,
        "adx": 44.96,
        "trend": "bullish"
      },
      "M5": {
        "ema20": 4119.38149,
        "ema50": 4116.51467,
        "rsi": 37.51,
        "atr": 6.01093,
        "adx": 14.02,
        "trend": "neutral"
      }
    }
  }
}